{
  "personagens": [
    { "palavra": "JESUS", "dica": "O Salvador do mundo", "categoria": "Personagens" },
    { "palavra": "MARIA", "dica": "Mãe de Jesus", "categoria": "Personagens" },
    { "palavra": "JOSE", "dica": "Pai terreno de Jesus", "categoria": "Personagens" },
    { "palavra": "MOISES", "dica": "Libertou o povo do Egito", "categoria": "Personagens" },
    { "palavra": "DAVI", "dica": "Rei que venceu Golias", "categoria": "Personagens" },
    { "palavra": "ABRAAO", "dica": "Pai da fé", "categoria": "Personagens" },
    { "palavra": "NOE", "dica": "Construiu a arca", "categoria": "Personagens" },
    { "palavra": "DANIEL", "dica": "Foi jogado na cova dos leões", "categoria": "Personagens" },
    { "palavra": "PEDRO", "dica": "Pescador que seguiu Jesus", "categoria": "Personagens" },
    { "palavra": "PAULO", "dica": "Apóstolo dos gentios", "categoria": "Personagens" }
  ],
  "lugares": [
    { "palavra": "BELEM", "dica": "Cidade onde Jesus nasceu", "categoria": "Lugares" },
    { "palavra": "JERUSALEM", "dica": "Cidade santa", "categoria": "Lugares" },
    { "palavra": "EGITO", "dica": "Terra onde José governou", "categoria": "Lugares" },
    { "palavra": "NAZARE", "dica": "Cidade onde Jesus cresceu", "categoria": "Lugares" },
    { "palavra": "JORDAO", "dica": "Rio onde Jesus foi batizado", "categoria": "Lugares" },
    { "palavra": "CALVARIO", "dica": "Monte onde Jesus morreu", "categoria": "Lugares" },
    { "palavra": "GALILEA", "dica": "Região onde Jesus ministrou", "categoria": "Lugares" }
  ],
  "objetos": [
    { "palavra": "ARCA", "dica": "Salvou Noé do dilúvio", "categoria": "Objetos" },
    { "palavra": "CRUZ", "dica": "Onde Jesus morreu por nós", "categoria": "Objetos" },
    { "palavra": "PEDRA", "dica": "Davi usou para vencer Golias", "categoria": "Objetos" },
    { "palavra": "VARA", "dica": "Moisés usou para abrir o mar", "categoria": "Objetos" },
    { "palavra": "HARPA", "dica": "Davi tocava para Saul", "categoria": "Objetos" },
    { "palavra": "MANTO", "dica": "José ganhou de seu pai", "categoria": "Objetos" },
    { "palavra": "COROA", "dica": "Jesus recebeu de espinhos", "categoria": "Objetos" }
  ],
  "virtudes": [
    { "palavra": "AMOR", "dica": "O maior mandamento", "categoria": "Virtudes" },
    { "palavra": "FE", "dica": "Confiança em Deus", "categoria": "Virtudes" },
    { "palavra": "PAZ", "dica": "Jesus nos dá esta tranquilidade", "categoria": "Virtudes" },
    { "palavra": "ALEGRIA", "dica": "Fruto do Espírito Santo", "categoria": "Virtudes" },
    { "palavra": "BONDADE", "dica": "Característica de Deus", "categoria": "Virtudes" },
    { "palavra": "PERDAO", "dica": "Jesus nos ensinou a dar", "categoria": "Virtudes" },
    { "palavra": "ESPERANCA", "dica": "Confiança no futuro com Deus", "categoria": "Virtudes" }
  ]
}